,City,Country,Lat,Lng,Max Temp,Humidity,Cloudiness,Wind Speed,Current Description
0,Tasiilaq,GL,65.6145,-37.6368,-15.89,66,100,2.03,overcast clouds
1,Busselton,AU,-33.65,115.3333,15.75,67,2,8.76,clear sky
2,Ribeira Grande,PT,38.5167,-28.7,18.22,88,40,12.52,scattered clouds
3,Ushuaia,AR,-54.8,-68.3,13.81,58,75,6.69,broken clouds
4,Sovetskaya,RU,44.7769,41.1722,-0.63,77,0,4.7,clear sky
5,Mataura,NZ,-46.1927,168.8643,7.73,98,51,0.42,broken clouds
6,Kajaani,FI,64.2273,27.7285,1.03,93,100,3.6,overcast clouds
7,Vaini,TO,-21.2,-175.2,26.09,94,75,0.51,moderate rain
8,Egvekinot,RU,66.3167,-179.1667,-25.05,88,24,5.56,few clouds
9,Arrifes,PT,37.7667,-25.7,17.14,88,40,6.69,scattered clouds
10,Codrington,AU,-38.2667,141.9667,16.54,79,2,3.48,clear sky
11,Mao,ES,39.8885,4.2658,16.31,63,20,2.06,few clouds
12,Clyde River,CA,70.4692,-68.5914,-24.87,64,0,4.12,clear sky
13,Itapirapua,BR,-15.8233,-50.6133,23.56,91,100,1.38,overcast clouds
14,Caernarfon,GB,53.1413,-4.2702,9.89,59,75,9.77,broken clouds
15,Ryotsu,JP,38.0833,138.4333,10.28,73,100,1.76,overcast clouds
16,Tromso,NO,69.6496,18.957,1.01,93,75,5.14,light snow
17,Chokurdakh,RU,70.6333,147.9167,-32.72,97,100,3.43,overcast clouds
18,Saint-Philippe,RE,-21.3585,55.7679,26.77,79,84,4.89,broken clouds
19,Tura,IN,25.5198,90.2201,15.15,43,0,1.17,clear sky
20,Cape Town,ZA,-33.9258,18.4232,27.43,49,20,5.66,few clouds
21,Mbandaka,CD,0.0487,18.2603,30.77,39,41,0.98,scattered clouds
22,Atuona,PF,-9.8,-139.0333,25.17,75,100,4.56,overcast clouds
23,Upernavik,GL,72.7868,-56.1549,-18.12,69,100,2.93,overcast clouds
24,Klaksvik,FO,62.2266,-6.589,1.51,65,100,7.4,overcast clouds
25,Nikolskoye,RU,59.7035,30.7861,1.94,98,100,4.07,overcast clouds
26,Bredasdorp,ZA,-34.5322,20.0403,25.48,45,0,8.19,clear sky
27,Gondal,IN,21.9667,70.8,19.81,31,1,3.7,clear sky
28,Havre-Saint-Pierre,CA,50.2334,-63.5986,-3.0,86,100,3.6,light snow
29,Georgetown,MY,5.4112,100.3354,28.97,80,20,2.06,few clouds
30,Balikpapan,ID,-1.2675,116.8289,25.55,94,20,1.54,few clouds
31,Rikitea,PF,-23.1203,-134.9692,25.56,76,13,8.34,light rain
32,Chuy,UY,-33.6971,-53.4616,22.71,67,100,2.6,overcast clouds
33,Howard,US,39.2504,-76.933,7.69,77,100,8.49,overcast clouds
34,Komsomolskiy,UZ,40.4272,71.7189,-10.6,73,75,1.03,mist
35,Katsuura,JP,35.1333,140.3,15.9,76,100,10.43,moderate rain
36,Barrow,US,71.2906,-156.7887,-17.99,71,100,11.32,overcast clouds
37,Ancona,IT,43.55,13.1667,14.12,61,40,4.12,scattered clouds
38,Asau,RO,46.4333,26.4,-1.49,78,95,1.68,overcast clouds
39,Butaritari,KI,3.0707,172.7902,26.98,81,17,6.48,light rain
40,Oranjestad,AW,12.524,-70.027,28.28,78,40,8.75,scattered clouds
41,Mopti,ML,14.6667,-4.0,32.02,9,0,5.14,clear sky
42,Cidreira,BR,-30.1811,-50.2056,27.23,69,59,3.04,broken clouds
43,Pisco,PE,-13.7,-76.2167,22.03,78,0,1.54,clear sky
44,Baykit,RU,61.67,96.37,-28.33,99,100,0.33,overcast clouds
45,Cairns,AU,-16.9167,145.7667,25.59,97,100,3.09,light rain
46,Hasaki,JP,35.7333,140.8333,8.45,75,100,9.34,overcast clouds
47,Hermanus,ZA,-34.4187,19.2345,23.78,67,0,5.61,clear sky
48,Hithadhoo,MV,-0.6,73.0833,27.32,63,100,4.51,overcast clouds
49,Mahebourg,MU,-20.4081,57.7,28.16,65,75,4.12,broken clouds
50,Madarounfa,NE,13.3087,7.156,28.13,9,11,6.27,few clouds
51,Victoria,HK,22.2855,114.1577,24.03,92,8,1.34,clear sky
52,Shache,CN,38.4167,77.2406,-7.85,84,100,0.66,overcast clouds
53,Gushikawa,JP,26.3544,127.8686,21.57,78,0,4.63,clear sky
54,Bermeo,ES,43.4209,-2.7215,16.24,78,94,0.92,overcast clouds
55,Kaeo,NZ,-35.1,173.7833,17.4,95,56,3.14,broken clouds
56,Sovetskiy,RU,61.3614,63.5842,-9.68,88,98,4.55,overcast clouds
57,Vila,PT,42.0304,-8.1588,8.49,88,64,1.28,broken clouds
58,Hobart,AU,-42.8794,147.3294,18.92,90,52,3.09,broken clouds
59,Akyab,MM,20.15,92.9,22.36,56,1,5.55,clear sky
60,Dikson,RU,73.5069,80.5464,-35.47,91,14,4.67,few clouds
61,Adrar,MR,20.5022,-10.0711,25.71,11,0,6.37,clear sky
62,Kholm,RU,59.2667,32.85,0.9,97,100,5.0,overcast clouds
63,Boguchany,RU,58.3814,97.4531,-15.16,95,100,3.71,light snow
64,Sitka,US,57.0531,-135.33,4.94,81,100,0.0,light rain
65,Bluff,NZ,-46.6,168.3333,11.96,82,31,1.8,scattered clouds
66,Qaanaaq,GL,77.484,-69.3632,-16.66,92,100,2.31,overcast clouds
67,Eureka,US,40.8021,-124.1637,12.57,95,100,1.34,moderate rain
68,Kaitangata,NZ,-46.2817,169.8464,8.96,93,99,1.59,overcast clouds
69,Hervey Bay,AU,-25.2986,152.8535,23.65,77,100,6.97,light rain
70,Isangel,VU,-19.55,169.2667,24.63,79,10,3.95,clear sky
71,Colares,PT,38.7992,-9.4469,17.77,69,20,6.71,few clouds
72,Alice Springs,AU,-23.7,133.8833,31.23,40,30,1.34,haze
73,Punta Arenas,CL,-53.15,-70.9167,16.01,82,75,10.8,light intensity shower rain
74,Carnarvon,AU,-24.8667,113.6333,23.67,72,0,11.85,clear sky
75,Tuktoyaktuk,CA,69.4541,-133.0374,-28.0,76,75,3.6,broken clouds
76,Flin Flon,CA,54.7682,-101.865,-12.09,92,100,2.06,overcast clouds
77,Vestmannaeyjar,IS,63.4427,-20.2734,0.55,74,0,14.4,clear sky
78,Mae Hong Son,TH,19.3003,97.9685,18.4,44,0,0.76,clear sky
79,Kletnya,RU,53.3897,33.2171,-4.07,88,100,3.95,overcast clouds
80,Anadyr,RU,64.75,177.4833,-29.62,98,38,1.88,scattered clouds
81,Alofi,NU,-19.0595,-169.9187,22.94,94,40,2.57,scattered clouds
82,Nome,US,64.5011,-165.4064,-11.96,72,100,3.6,overcast clouds
83,Arraial Do Cabo,BR,-22.9661,-42.0278,30.98,66,0,4.63,clear sky
84,Bambous Virieux,MU,-20.3428,57.7575,28.14,65,75,4.12,broken clouds
85,Husavik,IS,66.0449,-17.3389,-10.67,92,64,4.62,broken clouds
86,Qasigiannguit,GL,68.8193,-51.1922,-21.76,71,98,2.73,overcast clouds
87,Hilo,US,19.7297,-155.09,22.38,72,0,4.12,clear sky
88,Prince George,CA,53.9166,-122.753,2.01,98,100,4.63,fog
89,Gizo,SB,-8.103,156.8419,27.51,73,100,1.4,overcast clouds
90,Portland,US,45.5234,-122.6762,11.4,91,100,2.68,light rain
91,Faanui,PF,-16.4833,-151.75,27.24,77,100,11.42,light rain
92,Yellowknife,CA,62.456,-114.3525,-25.25,84,0,2.06,clear sky
93,East London,ZA,-33.0153,27.9116,24.52,78,100,4.63,overcast clouds
94,Hobyo,SO,5.3505,48.5268,26.4,64,2,9.76,clear sky
95,Castro,BR,-24.7911,-50.0119,25.23,61,96,3.4,overcast clouds
96,Leningradskiy,RU,69.3833,178.4167,-23.88,99,97,1.75,overcast clouds
97,Khatanga,RU,71.9667,102.5,-40.2,99,100,1.91,overcast clouds
98,Ilhabela,BR,-23.7781,-45.3581,29.07,68,75,1.12,broken clouds
99,Port Keats,AU,-14.25,129.55,27.1,82,100,3.26,overcast clouds
100,Lata,PT,40.1629,-8.3327,16.01,61,78,0.58,broken clouds
101,Avarua,CK,-21.2078,-159.775,24.03,78,100,3.6,overcast clouds
102,Saint George,US,37.1041,-113.5841,2.33,80,0,2.06,clear sky
103,Beringovskiy,RU,63.05,179.3167,-21.35,96,99,5.92,overcast clouds
104,Aleksandrov Gay,RU,50.147,48.5704,-8.39,66,10,6.41,clear sky
105,Ostrovnoy,RU,68.0531,39.5131,-0.41,88,100,9.64,overcast clouds
106,Ko Samui,TH,9.5357,99.9357,26.95,89,20,0.0,few clouds
107,Middelkerke,BE,51.1558,2.8418,10.7,71,20,8.75,few clouds
108,Makasar,ID,-5.14,119.4221,26.03,83,20,1.54,few clouds
109,Thompson,CA,55.7435,-97.8558,-8.91,92,100,3.09,light snow
110,Kapaa,US,22.0752,-159.319,18.99,94,0,3.09,clear sky
111,Bethel,US,41.3712,-73.414,12.05,86,100,3.6,overcast clouds
112,Esperance,AU,-33.8667,121.9,18.98,87,2,6.22,clear sky
113,Springfield,US,37.2153,-93.2982,-2.69,88,100,5.14,overcast clouds
114,Goedereede,NL,51.8175,3.9806,10.0,77,100,5.81,overcast clouds
115,Albany,US,42.6001,-73.9662,6.95,94,100,2.08,overcast clouds
116,Jamestown,US,42.097,-79.2353,-1.66,72,100,4.63,light snow
117,Praya,CV,14.9215,-23.5087,25.3,57,20,7.72,few clouds
118,Akureyri,IS,65.6835,-18.0878,-6.04,86,75,1.03,broken clouds
119,Charters Towers,AU,-20.1,146.2667,22.25,94,100,4.21,overcast clouds
120,Port Alfred,ZA,-33.5906,26.891,25.1,73,20,2.24,few clouds
121,Kruisfontein,ZA,-34.0033,24.7314,23.27,54,5,5.84,clear sky
122,Hofn,IS,64.2539,-15.2082,-1.99,59,40,4.63,scattered clouds
123,Yeppoon,AU,-23.1333,150.7333,20.88,66,100,5.88,light rain
124,Kabalo,CD,-6.05,26.9167,26.95,64,54,0.11,broken clouds
125,Port Elizabeth,ZA,-33.918,25.5701,25.73,67,0,5.66,clear sky
126,Ferry Pass,US,30.5102,-87.2125,9.24,76,100,7.72,overcast clouds
127,Taltal,CL,-25.4,-70.4833,20.59,73,1,1.85,clear sky
128,Dubna,RU,56.7333,37.1667,-6.08,92,98,4.23,overcast clouds
129,Effium,NG,6.6292,8.0593,36.33,13,3,2.84,clear sky
130,Nortelandia,BR,-14.4547,-56.8028,24.52,89,99,3.14,overcast clouds
131,Leh,IN,34.1667,77.5833,-9.33,60,100,2.51,overcast clouds
132,Cherskiy,RU,68.75,161.3,-34.69,99,100,2.32,overcast clouds
133,Marystown,CA,47.1666,-55.1483,-3.24,75,100,2.22,overcast clouds
134,Marsh Harbour,BS,26.5412,-77.0636,23.67,62,2,6.6,clear sky
135,Sao Filipe,CV,14.8961,-24.4956,23.25,64,2,2.83,clear sky
136,Iqaluit,CA,63.7506,-68.5145,-24.06,76,75,11.32,broken clouds
137,Provideniya,RU,64.3833,-173.3,-18.41,97,21,3.78,few clouds
138,Biltine,TD,14.5333,20.9167,29.25,12,6,2.46,clear sky
139,Yulara,AU,-25.2406,130.9889,30.09,31,2,2.57,clear sky
140,Lavrentiya,RU,65.5833,-171.0,-19.82,93,99,3.16,overcast clouds
141,Jedovnice,CZ,49.3445,16.756,8.88,90,100,3.07,overcast clouds
142,Salalah,OM,17.0151,54.0924,23.31,79,15,3.95,few clouds
143,Axim,GH,4.8699,-2.2405,29.88,62,12,5.14,few clouds
144,Fukue,JP,32.6881,128.8419,17.28,95,100,4.19,light rain
145,Jinxiang,CN,27.4327,120.6062,16.26,97,32,3.44,scattered clouds
146,Longyearbyen,SJ,78.2186,15.6401,-2.09,74,75,7.72,light snow
147,Sohag,EG,26.557,31.6948,18.16,38,100,3.62,overcast clouds
148,Avera,US,33.194,-82.5271,10.31,69,13,7.14,few clouds
149,Illela,NG,13.7292,5.2975,29.42,9,100,5.66,overcast clouds
150,Wuwei,CN,37.9281,102.6414,-12.15,55,100,2.06,overcast clouds
151,Ilulissat,GL,69.2167,-51.1,-23.16,68,53,3.0,broken clouds
152,Seddon,AU,-37.8068,144.8916,20.97,87,75,3.6,broken clouds
153,Pontianak,ID,-0.0333,109.3333,24.99,94,20,1.54,few clouds
154,Vostok,RU,46.4856,135.8833,-21.44,100,98,1.69,overcast clouds
155,Mnogovershinnyy,RU,53.9353,139.9242,-27.87,99,100,2.38,overcast clouds
156,Saldanha,ZA,-33.0117,17.9442,25.03,73,29,6.83,scattered clouds
157,North Bend,US,43.4065,-124.2243,11.62,100,100,2.57,overcast clouds
158,Yokote,JP,39.3,140.5667,6.62,84,100,1.39,light rain
159,Fort Saint James,CA,54.4333,-124.25,0.49,99,100,0.78,snow
160,Selikhino,RU,50.3672,137.4996,-22.35,99,94,1.17,overcast clouds
161,Cranbrook,CA,49.4999,-115.7688,-0.09,93,100,1.03,overcast clouds
162,Kahului,US,20.8947,-156.47,19.91,88,0,2.24,clear sky
163,Mar Del Plata,AR,-38.0023,-57.5575,21.57,65,20,10.29,few clouds
164,New Norfolk,AU,-42.7826,147.0587,18.72,94,36,0.78,scattered clouds
165,Aklavik,CA,68.2191,-135.0107,-22.0,84,75,3.6,broken clouds
166,Ponta Do Sol,PT,32.6667,-17.1,19.28,68,3,2.1,clear sky
167,Ancud,CL,-41.8697,-73.8203,14.16,70,57,1.38,broken clouds
168,Thabazimbi,ZA,-24.5917,27.4116,32.95,13,5,3.35,clear sky
169,Olafsvik,IS,64.8945,-23.7142,-0.7,81,100,5.04,overcast clouds
170,Cabo San Lucas,MX,22.8909,-109.9124,15.9,43,0,0.4,clear sky
171,Margate,GB,51.3813,1.3862,11.61,65,86,3.13,overcast clouds
172,Nishihara,JP,26.1842,127.7558,21.6,78,20,7.72,few clouds
173,Manta,EC,-0.95,-80.7333,26.88,69,75,2.06,broken clouds
174,Simcoe,CA,42.8334,-80.2997,-2.15,92,100,7.24,light snow
175,Gladstone,AU,-23.85,151.25,20.96,88,100,0.0,light rain
176,Lebu,CL,-37.6167,-73.65,16.4,70,8,7.12,clear sky
177,Bandarbeyla,SO,9.4942,50.8122,25.0,71,50,8.64,scattered clouds
178,Luderitz,NA,-26.6481,15.1594,22.91,62,8,11.56,clear sky
179,Bathsheba,BB,13.2167,-59.5167,28.34,69,40,6.69,scattered clouds
180,Puerto Ayora,EC,-0.7393,-90.3518,24.98,93,89,2.24,overcast clouds
181,Dakoro,NE,14.5106,6.765,27.23,9,100,6.45,overcast clouds
182,Camacha,PT,33.0833,-16.3333,15.68,63,75,4.63,broken clouds
183,Stalowa Wola,PL,50.5829,22.0533,6.03,77,100,3.58,overcast clouds
184,Gobabis,NA,-22.45,18.9667,32.95,10,7,7.14,clear sky
185,Kambove,CD,-10.8764,26.5969,17.98,95,98,1.83,light rain
186,Comodoro Rivadavia,AR,-45.8667,-67.5,20.92,43,0,7.2,clear sky
187,Krutikha,RU,53.9599,81.2093,-13.01,92,100,5.49,overcast clouds
188,Honiara,SB,-9.4333,159.95,25.06,91,100,2.61,light rain
189,Sioux Lookout,CA,50.1001,-91.917,-14.96,92,100,1.54,overcast clouds
190,Necochea,AR,-38.5473,-58.7368,20.1,54,91,9.88,overcast clouds
191,Okha,RU,53.5739,142.9478,-23.57,95,82,7.5,broken clouds
192,Laureles,US,26.1092,-97.4941,10.57,62,0,5.66,clear sky
193,Kamogawa,JP,35.1,140.1,16.19,81,100,9.84,moderate rain
194,Nidda,DE,50.4167,9.0,9.2,75,61,4.02,broken clouds
195,Yerbogachen,RU,61.2767,108.0108,-35.5,100,100,1.22,overcast clouds
196,Kavaratti,IN,10.5669,72.642,27.17,65,99,5.19,overcast clouds
197,Hokitika,NZ,-42.7167,170.9667,17.12,89,61,0.99,broken clouds
198,Dori,BF,14.0354,-0.0345,29.47,10,5,5.25,clear sky
199,Coahuayana,MX,18.7333,-103.6833,24.94,44,3,0.99,clear sky
200,Bela Vista De Goias,BR,-16.9728,-48.9533,25.64,87,100,3.79,overcast clouds
201,Rastede,DE,53.25,8.2,8.34,82,100,10.32,overcast clouds
202,Kralendijk,BQ,12.15,-68.2667,28.99,70,40,7.2,scattered clouds
203,Antofagasta,CL,-23.65,-70.4,21.6,63,24,4.02,few clouds
204,Palmer,US,42.1584,-72.3287,12.23,86,100,7.2,mist
205,Lerwick,GB,60.1545,-1.1494,6.0,74,92,8.29,light rain
206,Lumeje,AO,-11.55,20.7833,19.08,93,100,3.65,light rain
207,Ormara,PK,25.2088,64.6357,14.29,23,42,9.81,scattered clouds
208,Kabinda,CD,-6.1333,24.4833,25.32,63,63,1.46,broken clouds
209,Ambon,ID,-3.6954,128.1814,26.08,89,20,2.06,few clouds
210,Moroni,KM,-11.7022,43.2551,30.0,70,40,2.57,scattered clouds
211,Swift Current,CA,50.2834,-107.8014,-0.55,86,0,6.17,clear sky
212,Nelson Bay,AU,-32.7167,152.15,22.78,79,100,7.6,overcast clouds
213,Henties Bay,NA,-22.116,14.2845,20.05,73,5,4.36,clear sky
214,Pangnirtung,CA,66.1451,-65.7125,-24.0,77,40,0.0,scattered clouds
215,Los Llanos De Aridane,ES,28.6585,-17.9182,18.86,70,40,6.17,scattered clouds
216,Lorengau,PG,-2.0226,147.2712,27.62,76,93,4.74,overcast clouds
217,Jutai,BR,-5.1833,-68.9,23.26,88,100,1.7,overcast clouds
218,Paita,PE,-5.0892,-81.1144,23.18,66,78,3.98,broken clouds
219,Mehamn,NO,71.0357,27.8492,0.97,80,40,7.2,scattered clouds
220,Ossora,RU,59.2353,163.0719,-15.24,81,100,2.82,overcast clouds
221,Carrollton,US,32.9537,-96.8903,4.02,71,0,3.6,clear sky
222,Makakilo City,US,21.3469,-158.0858,19.43,85,0,2.06,clear sky
223,San Juan,AR,-31.5375,-68.5364,25.52,32,6,2.99,clear sky
224,Andenes,NO,69.3143,16.1194,1.99,87,75,6.69,broken clouds
225,Bengkulu,ID,-3.8004,102.2655,24.87,87,55,1.52,broken clouds
226,San Cristobal,VE,7.7669,-72.225,23.1,49,80,2.28,broken clouds
227,Port Blair,IN,11.6667,92.75,27.02,78,40,2.57,mist
228,Broome,US,42.2506,-75.833,2.23,89,100,5.14,overcast clouds
229,Ayr,GB,55.4627,-4.6339,7.4,87,75,6.17,broken clouds
230,Pingliang,CN,35.5392,106.6861,-7.85,63,99,9.01,light snow
231,Vila Franca Do Campo,PT,37.7167,-25.4333,18.23,87,100,6.71,overcast clouds
232,Ibirama,BR,-27.0569,-49.5178,30.37,45,100,1.18,overcast clouds
233,Narsaq,GL,60.9167,-46.05,-11.88,78,19,2.84,few clouds
234,Goundam,ML,16.4145,-3.6708,29.57,7,71,4.89,broken clouds
235,La Ronge,CA,55.1001,-105.2842,-14.86,85,40,1.54,scattered clouds
236,Rawson,AR,-43.3002,-65.1023,23.7,35,2,0.41,clear sky
237,Changzhou,CN,31.7833,119.9667,12.15,86,100,5.19,overcast clouds
238,Waingapu,ID,-9.6567,120.2641,26.3,81,100,2.36,overcast clouds
239,Neiafu,TO,-18.65,-173.9833,25.38,94,20,0.0,moderate rain
240,Trairi,BR,-3.2778,-39.2689,30.64,55,91,6.31,overcast clouds
241,Tiksi,RU,71.6872,128.8694,-36.27,93,100,2.93,overcast clouds
242,Atbasar,KZ,51.8,68.3333,-15.06,91,99,4.01,overcast clouds
243,Dhidhdhoo,MV,6.8833,73.1,26.47,65,30,4.46,scattered clouds
244,Severo-Kurilsk,RU,50.6789,156.125,-5.92,81,100,2.97,overcast clouds
245,Sur,OM,22.5667,59.5289,19.1,48,1,8.49,clear sky
246,Bonthe,SL,7.5264,-12.505,30.67,54,7,6.14,clear sky
247,Te Anau,NZ,-45.4167,167.7167,8.98,94,32,0.8,scattered clouds
248,Buala,SB,-8.145,159.5921,25.62,86,100,1.21,light rain
249,Berlevag,NO,70.8578,29.0864,1.0,74,0,4.12,clear sky
250,Vrises,GR,35.492,23.8899,14.55,76,85,3.84,light rain
251,Cayenne,GF,4.9333,-52.3333,27.02,83,75,6.17,broken clouds
252,Kununurra,AU,-15.7667,128.7333,24.99,94,75,2.57,broken clouds
253,Luena,AO,-11.7833,19.9167,17.25,95,100,3.36,light rain
254,Eyl,SO,7.9803,49.8164,25.68,59,92,9.08,overcast clouds
255,Jand,PK,33.4299,72.0193,8.67,27,0,1.58,clear sky
256,Lincoln,US,40.8,-96.667,-7.62,92,100,2.06,mist
257,Srednekolymsk,RU,67.45,153.6833,-33.91,95,100,2.87,overcast clouds
258,Laguna,US,38.421,-121.4238,15.98,60,0,4.63,clear sky
259,Mount Gambier,AU,-37.8333,140.7667,16.44,69,0,2.07,clear sky
260,Ous,RU,60.9058,61.5186,-7.57,82,100,4.59,overcast clouds
261,Canaries,ES,28.0,-15.5,18.55,56,40,9.26,scattered clouds
262,Viedma,AR,-40.8135,-62.9967,25.87,24,0,6.75,clear sky
263,De Aar,ZA,-30.6497,24.0123,37.05,10,24,5.91,few clouds
264,Atar,MR,20.5169,-13.0499,28.25,11,0,5.99,clear sky
265,Ust-Tsilma,RU,65.441,52.1498,-7.12,94,100,3.71,overcast clouds
266,Aniva,RU,46.7144,142.5294,-1.94,81,48,7.01,scattered clouds
267,La Reforma,MX,25.0833,-108.05,17.68,37,0,0.76,clear sky
268,Vardo,NO,70.3705,31.1107,-0.01,86,0,6.69,clear sky
269,Burnie,AU,-41.0667,145.9167,16.66,93,22,4.56,few clouds
270,Broken Hill,AU,-31.95,141.4333,29.74,24,83,3.25,broken clouds
271,Banjarmasin,ID,-3.3244,114.591,25.08,84,36,1.49,light rain
272,Launceston,AU,-41.45,147.1667,18.8,72,100,3.09,overcast clouds
273,Narwana,IN,29.6167,76.1167,13.43,72,14,1.89,few clouds
274,Kiruna,SE,67.8557,20.2251,-10.49,92,0,4.63,clear sky
275,Voh,NC,-20.9667,164.7,22.96,88,10,1.68,clear sky
276,Grindavik,IS,63.8424,-22.4338,-2.74,80,75,8.23,broken clouds
277,Westport,US,41.1415,-73.3579,11.84,90,100,6.69,overcast clouds
278,Thoen,TH,17.6129,99.2161,19.86,46,0,1.24,clear sky
279,Omboue,GA,-1.5746,9.2618,28.0,71,59,4.63,light rain
280,Hunchun,CN,42.8675,130.3581,-2.73,61,93,4.11,overcast clouds
281,Hamilton,US,39.1834,-84.5333,2.71,80,100,6.17,overcast clouds
282,Amurzet,RU,47.6967,131.0981,-20.95,69,94,7.72,overcast clouds
283,Waitati,NZ,-45.75,170.5667,14.33,80,100,1.26,overcast clouds
284,Yumen,CN,40.2833,97.2,-13.32,36,98,1.2,overcast clouds
285,Deputatskiy,RU,69.3,139.9,-40.55,97,99,2.49,overcast clouds
286,Punta De Bombon,PE,-17.1717,-71.7931,22.07,73,21,3.9,few clouds
287,Kamina,CD,-8.7386,24.9906,20.49,91,100,1.33,light rain
288,Cobija,BO,-11.0267,-68.7692,27.1,78,75,4.12,broken clouds
289,Inhambane,MZ,-23.865,35.3833,29.99,70,40,2.06,light rain
290,Kavieng,PG,-2.5744,150.7967,27.58,74,86,3.39,overcast clouds
291,Grand-Lahou,CI,5.1367,-5.0242,29.75,63,58,5.19,broken clouds
292,Kedrovyy,RU,56.1667,91.8167,-14.77,92,100,6.06,light snow
293,Ust-Maya,RU,60.4167,134.5333,-39.17,100,100,0.55,overcast clouds
294,Puerto Colombia,CO,10.9878,-74.9547,28.05,71,20,3.52,few clouds
295,Sao Joao Da Barra,BR,-21.6403,-41.0511,30.05,81,30,5.25,scattered clouds
296,Anchorage,US,61.2181,-149.9003,-3.71,88,75,2.06,broken clouds
297,Skibbereen,IE,51.55,-9.2667,10.06,80,100,8.85,overcast clouds
298,Sabang,ID,5.8933,95.3214,27.69,69,52,1.59,broken clouds
299,Kirakira,SB,-10.4544,161.9205,26.21,85,100,3.15,overcast clouds
300,Turbat,PK,26.0023,63.044,9.74,9,0,9.03,clear sky
301,Aras,ES,42.5617,-2.356,11.24,62,20,6.17,few clouds
302,Udachnyy,RU,66.4167,112.4,-45.31,71,100,0.88,overcast clouds
303,Xiuyan,CN,40.2928,123.2744,-5.54,58,100,10.14,overcast clouds
304,Contai,IN,21.7786,87.7536,20.87,84,0,3.18,clear sky
305,Polunochnoye,RU,60.8697,60.4153,-7.71,76,100,5.78,overcast clouds
306,Sembakung,ID,3.8167,117.25,23.77,97,99,0.71,overcast clouds
307,San Quintin,MX,30.4833,-115.95,14.89,64,66,3.58,broken clouds
308,Oktyabrskoye,RU,43.0645,44.7417,-9.92,92,100,1.0,fog
309,Tucuman,AR,-26.8241,-65.2226,22.0,64,40,4.12,scattered clouds
310,Cambridge,CA,43.3601,-80.3127,-2.79,90,100,7.72,overcast clouds
311,Belyy Yar,RU,53.6039,91.3903,-14.06,82,100,1.0,smoke
312,Guinguineo,SN,14.2667,-15.95,34.53,7,47,4.73,scattered clouds
313,Lagoa,PT,39.05,-27.9833,16.54,84,100,13.06,overcast clouds
314,Penzance,GB,50.1186,-5.5371,10.62,76,20,7.72,few clouds
315,Beroroha,MG,-21.6667,45.1667,29.17,66,66,1.23,broken clouds
316,Sosnovo-Ozerskoye,RU,52.5249,111.5418,-29.5,96,16,2.74,few clouds
317,Labuan,MY,5.2767,115.2417,25.2,94,20,0.0,few clouds
318,Matagami,CA,49.7502,-77.6328,-17.94,85,100,5.66,light snow
319,Sal Rei,CV,16.1833,-22.9167,26.11,50,2,8.23,clear sky
320,Bonnyville,CA,54.2668,-110.735,-16.38,99,99,1.29,overcast clouds
321,Touros,BR,-5.1989,-35.4608,30.14,60,14,5.82,few clouds
322,Waddan,LY,29.1614,16.139,16.97,42,1,6.21,clear sky
323,Fortuna,US,40.5982,-124.1573,12.42,94,100,1.79,moderate rain
324,Khanpur,PK,28.6453,70.6567,13.89,27,0,3.37,clear sky
325,Lompoc,US,34.6391,-120.4579,15.43,66,0,4.12,clear sky
326,Malindi,KE,-3.2175,40.1191,30.09,54,20,5.14,few clouds
327,Oktyabrskiy,RU,54.4815,53.471,-13.67,79,74,5.21,broken clouds
328,Oistins,BB,13.0667,-59.5333,28.05,69,40,6.69,scattered clouds
329,Yokadouma,CM,3.5167,15.05,33.93,14,100,1.67,overcast clouds
330,Cap Malheureux,MU,-19.9842,57.6142,26.37,69,29,2.24,scattered clouds
331,Sydney,AU,-33.8679,151.2073,22.61,81,40,4.63,scattered clouds
332,Kanniyakumari,IN,8.0833,77.5667,24.54,71,18,4.89,few clouds
333,Torbay,CA,47.6666,-52.7314,-4.68,85,75,3.6,broken clouds
334,Cajati,BR,-24.7361,-48.1228,33.98,43,48,1.56,scattered clouds
335,Luganville,VU,-15.5333,167.1667,25.71,87,83,2.26,broken clouds
336,Jalu,LY,29.0331,21.5482,18.6,53,89,7.16,overcast clouds
337,Tuatapere,NZ,-46.1333,167.6833,9.61,93,20,1.22,few clouds
338,Pimentel,PE,-6.8367,-79.9342,21.16,83,0,5.14,clear sky
339,Bikin,RU,46.8161,134.26,-19.49,92,70,2.62,broken clouds
340,Albina,SR,5.5,-54.05,28.82,60,91,3.22,overcast clouds
341,Rafai,CF,4.95,23.9167,34.34,16,23,1.58,few clouds
342,Acapulco,MX,16.8634,-99.8901,22.9,68,75,2.06,broken clouds
343,Tilichiki,RU,60.4667,166.1,-21.96,85,100,4.36,overcast clouds
344,Guerrero Negro,MX,27.9769,-114.0611,14.94,55,40,1.08,scattered clouds
345,Prince Rupert,CA,54.3161,-130.3201,5.83,92,100,3.09,overcast clouds
346,Bridlington,GB,54.0831,-0.1919,9.38,72,63,10.35,broken clouds
347,Ust-Nera,RU,64.5667,143.2,-33.95,100,100,0.69,overcast clouds
348,Mandali,IQ,33.7499,45.5541,12.59,54,36,1.28,scattered clouds
349,Dingzhou,CN,38.5131,114.9956,2.06,60,100,4.24,overcast clouds
350,Kurumkan,RU,54.3,110.3,-30.15,90,38,1.79,scattered clouds
351,Norman Wells,CA,65.282,-126.8329,-19.98,77,75,5.14,broken clouds
352,Shetpe,KZ,44.1667,52.1167,-6.02,39,0,11.53,clear sky
353,Saint Anthony,US,45.0205,-93.218,-17.62,98,60,1.06,broken clouds
354,Palmi,IT,38.3653,15.8615,14.38,73,98,3.85,overcast clouds
355,Grand Gaube,MU,-20.0064,57.6608,28.22,69,29,2.24,scattered clouds
356,Graham,US,47.0529,-122.2943,9.39,94,100,0.0,overcast clouds
357,Shelburne,CA,44.0787,-80.2041,-5.56,97,100,8.44,light snow
358,Labuhan,ID,-6.8844,112.2051,26.03,77,42,2.66,scattered clouds
359,Santa Rosa,PH,14.3122,121.1114,26.17,80,100,3.81,overcast clouds
360,Bilma,NE,18.6853,12.9164,23.16,13,99,1.4,overcast clouds
361,Bosaso,SO,11.2842,49.1816,25.99,78,0,7.72,clear sky
362,Sibolga,ID,1.7427,98.7792,24.52,90,99,0.9,heavy intensity rain
363,Krasnoselkup,RU,65.7,82.4667,-33.98,97,52,4.26,broken clouds
364,Secunda,ZA,-26.55,29.1667,29.07,32,1,1.34,clear sky
365,Brae,GB,60.3964,-1.353,6.02,72,93,7.56,overcast clouds
366,Wasilla,US,61.5814,-149.4394,-2.93,75,0,2.06,clear sky
367,Benguela,AO,-12.5763,13.4055,25.68,75,100,2.74,overcast clouds
368,Muravlenko,RU,63.7898,74.523,-20.59,99,100,5.89,light snow
369,Wewak,PG,-3.5534,143.6268,26.19,83,91,1.64,overcast clouds
370,La Plata,AR,-34.9215,-57.9545,28.35,22,1,3.18,clear sky
371,Wicklow,IE,53.0,-6.4167,6.64,76,87,5.68,overcast clouds
372,Kaabong,UG,3.4836,34.1492,25.57,26,1,6.74,clear sky
373,Umm Lajj,SA,25.0213,37.2685,21.16,53,11,6.83,few clouds
374,Zhangye,CN,38.9342,100.4517,-12.67,54,100,1.69,overcast clouds
375,Machinga,MW,-15.1685,35.3,22.11,89,70,0.91,moderate rain
376,Apache Junction,US,33.4151,-111.5496,14.39,44,0,4.63,clear sky
377,Bilibino,RU,68.0546,166.4372,-34.43,98,82,1.39,broken clouds
378,Stornoway,GB,58.2093,-6.3865,6.07,88,20,1.03,few clouds
379,Petropavlovsk-Kamchatskiy,RU,53.0452,158.6483,-15.67,72,0,2.0,clear sky
380,Pevek,RU,69.7008,170.3133,-31.73,98,39,1.29,scattered clouds
381,Beloha,MG,-25.1667,45.05,26.37,74,24,7.96,few clouds
382,Saskylakh,RU,71.9167,114.0833,-47.7,100,64,1.62,broken clouds
383,Chateauroux,FR,46.8167,1.7,11.0,71,75,6.69,broken clouds
384,Buta,CD,2.7858,24.73,35.17,20,92,0.8,overcast clouds
385,Singaparna,ID,-7.3515,108.111,22.21,87,79,0.7,broken clouds
386,Rancho Palos Verdes,US,33.7445,-118.387,15.56,66,100,3.13,overcast clouds
387,Port Lincoln,AU,-34.7333,135.8667,22.69,60,0,3.83,clear sky
388,Auki,SB,-8.7676,160.7034,25.06,89,100,2.6,overcast clouds
389,Berbera,SO,10.4396,45.0143,25.18,70,62,7.41,broken clouds
390,Fort Nelson,CA,58.8053,-122.7002,-13.23,85,100,0.0,light snow
391,Pocatello,US,42.8713,-112.4455,-0.62,80,0,4.12,clear sky
392,Alihe,CN,50.5667,123.7167,-30.73,94,4,1.51,clear sky
393,Megion,RU,61.0296,76.1136,-18.88,97,100,3.3,light snow
394,Buin,CL,-33.7333,-70.75,27.46,16,4,2.44,clear sky
395,Yenagoa,NG,4.9247,6.2642,37.34,21,29,1.63,scattered clouds
396,Souillac,MU,-20.5167,57.5167,28.21,65,75,4.12,broken clouds
397,Lazaro Cardenas,MX,17.9583,-102.2,24.65,65,8,2.12,clear sky
398,Alta,NO,69.9689,23.2717,-2.67,79,40,1.54,scattered clouds
399,Sumenep,ID,-7.0167,113.8667,26.42,79,76,0.87,broken clouds
400,Port Macquarie,AU,-31.4333,152.9167,19.94,82,100,3.03,overcast clouds
401,Derbent,RU,42.0678,48.2899,4.11,83,95,10.87,overcast clouds
402,Naryan-Mar,RU,67.6713,53.087,-8.64,93,100,6.13,overcast clouds
403,Freeport,US,40.6576,-73.5832,12.48,90,100,7.72,overcast clouds
404,Inirida,CO,3.8653,-67.9239,27.0,78,93,0.22,overcast clouds
405,Saint-Augustin,CA,51.226,-58.6502,-8.69,87,95,1.69,overcast clouds
406,Urrao,CO,6.3152,-76.1342,19.37,71,27,0.56,scattered clouds
407,Vanavara,RU,60.34,102.2797,-26.22,99,100,0.63,overcast clouds
408,Richards Bay,ZA,-28.783,32.0377,29.76,63,35,6.92,scattered clouds
409,Mitrofanovka,RU,49.9708,39.6939,-4.77,90,100,5.04,overcast clouds
410,Awjilah,LY,29.1081,21.2869,18.31,54,80,7.21,broken clouds
411,Waipawa,NZ,-41.4122,175.5153,10.45,89,36,0.84,scattered clouds
412,Puro,PH,12.4841,123.3827,23.9,92,100,5.47,heavy intensity rain
413,Gebre Guracha,ET,9.8,38.4,19.92,26,66,2.12,broken clouds
414,Behshahr,IR,36.6923,53.5526,3.97,51,5,0.59,clear sky
415,Urumqi,CN,43.801,87.6005,-21.47,84,0,2.0,clear sky
416,Rethimnon,GR,35.3647,24.4714,12.89,77,95,5.13,light rain
417,Geraldton,AU,-28.7667,114.6,21.23,83,75,9.77,broken clouds
418,Carlibaba,RO,47.5833,25.1333,1.05,88,71,1.75,broken clouds
419,Khislavichi,RU,54.1871,32.1582,-3.86,90,73,5.57,broken clouds
420,Sorland,NO,67.667,12.6934,2.92,87,75,2.06,broken clouds
421,Bubaque,GW,11.2833,-15.8333,25.84,54,16,2.68,few clouds
422,Caravelas,BR,-17.7125,-39.2481,29.68,59,50,4.78,scattered clouds
423,Lapeer,US,43.0514,-83.3188,-2.73,86,100,5.66,overcast clouds
424,Zhigalovo,RU,54.8097,105.1578,-23.88,96,100,1.37,overcast clouds
425,Meulaboh,ID,4.1363,96.1285,25.16,87,96,1.5,overcast clouds
426,Give,DK,55.8398,9.25,7.22,93,100,8.23,overcast clouds
427,Iquique,CL,-20.2208,-70.1431,23.02,62,0,3.37,clear sky
428,Apitong,PH,13.2391,121.2075,22.76,96,100,0.38,overcast clouds
429,Batticaloa,LK,7.7102,81.6924,24.71,72,97,3.35,overcast clouds
430,Taksimo,RU,56.3444,114.8794,-32.41,87,69,1.33,broken clouds
431,Diffa,NE,13.3154,12.6113,25.84,13,45,5.81,scattered clouds
432,Druzhba,UA,52.0428,33.9453,-5.4,95,100,3.72,overcast clouds
433,Tara,RU,56.8944,74.371,-16.18,96,88,3.58,overcast clouds
434,Morgan City,US,29.6994,-91.2068,7.23,70,100,7.2,overcast clouds
435,Ulladulla,AU,-35.35,150.4667,18.32,94,71,2.54,broken clouds
436,Oskarshamn,SE,57.2645,16.4484,6.66,76,66,5.51,broken clouds
437,Lalibela,ET,12.0333,39.0333,18.1,47,71,1.3,broken clouds
438,Sinnamary,GF,5.3833,-52.95,26.48,81,85,5.36,overcast clouds
439,Aiquile,BO,-18.2041,-65.1807,24.63,41,0,2.07,clear sky
440,Zavallya,UA,48.2135,30.0156,-0.98,82,96,2.28,overcast clouds
441,Coihaique,CL,-45.5752,-72.0662,16.97,51,75,3.6,broken clouds
442,Olinda,BR,-8.0089,-34.8553,28.85,65,40,4.12,scattered clouds
443,Raudeberg,NO,61.9875,5.1352,3.26,71,96,7.19,overcast clouds
444,Shimoda,JP,34.6667,138.95,11.72,85,99,8.8,light rain
445,Pueblo,US,38.2545,-104.6091,6.42,73,0,3.09,clear sky
446,Buraydah,SA,26.326,43.975,19.25,48,13,4.55,few clouds
447,Puerto Madero,MX,14.7208,-92.4215,24.11,94,0,0.0,clear sky
448,Sijunjung,ID,-0.6876,100.9537,23.06,98,100,0.84,light rain
449,Kumluca,TR,36.3703,30.2869,9.64,93,100,3.29,light rain
450,Ballina,AU,-28.8667,153.5667,18.9,96,88,3.43,overcast clouds
451,Dangara,IN,29.6799,75.8931,13.29,58,16,1.49,few clouds
452,Loreto,MX,22.2667,-101.9667,8.7,49,0,2.29,clear sky
453,Amazar,RU,53.858,120.875,-35.1,96,8,1.22,clear sky
454,Dunmore Town,BS,25.5,-76.65,23.29,76,17,6.95,few clouds
455,Najran,SA,17.4924,44.1277,23.36,33,81,6.49,broken clouds
456,Bozeman,US,45.6796,-111.0386,3.99,83,0,3.09,clear sky
457,Shingu,JP,33.7333,135.9833,14.76,92,100,4.32,overcast clouds
458,Zlitan,LY,32.4674,14.5687,17.23,60,19,8.89,few clouds
459,Gejiu,CN,23.306,103.1635,8.15,60,0,0.94,clear sky
460,Wairoa,NZ,-39.0333,177.3667,14.19,97,95,0.45,overcast clouds
461,Cravo Norte,CO,6.3017,-70.2041,31.05,48,81,4.67,light rain
462,Empalme,MX,27.9667,-110.8167,13.03,67,0,0.0,clear sky
463,Kuching,MY,1.55,110.3333,28.34,89,20,0.0,few clouds
464,Vanimo,PG,-2.6741,141.3028,25.52,87,100,0.33,overcast clouds
465,Dingle,PH,10.9995,122.6711,23.45,94,100,3.69,heavy intensity rain
466,Gat,IL,31.61,34.7642,17.38,27,100,3.26,overcast clouds
467,Autazes,BR,-3.5797,-59.1306,29.56,65,98,2.63,moderate rain
468,Clermont,FR,49.5,2.4167,10.4,73,13,8.54,few clouds
469,Teguldet,RU,57.3064,88.1667,-12.94,93,100,4.69,light snow
470,Campbell River,CA,50.0163,-125.2446,10.7,100,100,5.14,mist
471,Nanortalik,GL,60.1432,-45.2371,-9.55,79,40,4.89,scattered clouds
472,Rocha,UY,-34.4833,-54.3333,26.04,37,100,1.7,overcast clouds
473,Beaufort,MY,5.3473,115.7455,23.72,95,100,0.38,overcast clouds
474,Whitehorse,CA,60.7161,-135.0538,-14.57,83,100,1.54,overcast clouds
475,Namibe,AO,-15.1961,12.1522,28.35,61,0,6.17,clear sky
476,Otjiwarongo,NA,-20.4637,16.6477,33.26,11,7,5.45,clear sky
477,Iquitos,PE,-3.7481,-73.2472,27.02,89,40,1.54,scattered clouds
478,Alakurtti,RU,66.9672,30.3491,0.15,95,100,3.95,light snow
479,Yamada,JP,39.4667,141.95,8.88,66,100,1.71,light rain
480,Kanigoro,ID,-8.13,112.219,23.38,88,54,0.09,broken clouds
481,Omsukchan,RU,62.5333,155.8,-29.57,97,100,2.79,overcast clouds
482,Sturgis,US,41.7992,-85.4192,0.14,96,100,6.69,light intensity drizzle
483,Choma,ZM,-16.8065,26.9531,21.13,79,82,1.85,light rain
484,Kalmunai,LK,7.4167,81.8167,24.43,75,92,3.37,overcast clouds
485,Taoudenni,ML,22.6783,-3.9836,27.47,12,0,5.0,clear sky
486,Dudinka,RU,69.4058,86.1778,-36.88,100,51,1.89,broken clouds
487,Kodiak,US,57.79,-152.4072,3.73,93,100,8.23,light rain
488,Baghdad,IQ,33.3406,44.4009,13.95,54,40,2.57,scattered clouds
489,Izumo,JP,35.3667,132.7667,11.97,93,100,3.11,overcast clouds
490,Manakara,MG,-22.1333,48.0167,25.91,81,100,3.28,light rain
491,Prabumulih,ID,-3.45,104.25,23.32,97,7,0.71,clear sky
492,Saint-Georges,GD,12.0564,-61.7485,28.82,61,20,5.66,few clouds
493,Tateyama,JP,34.9833,139.8667,16.17,80,100,11.78,light rain
494,Finote Selam,ET,10.7,37.2667,21.55,45,73,2.53,broken clouds
495,Vila Velha,BR,-20.3297,-40.2925,30.97,68,40,6.17,scattered clouds
496,Roma,US,43.2128,-75.4557,2.75,95,100,4.63,light snow
497,Esil,KZ,51.9556,66.4042,-11.1,90,100,4.28,overcast clouds
498,Manchester,GB,53.4809,-2.2374,9.88,78,75,10.29,broken clouds
499,Goba,ET,7.0167,39.9833,14.27,30,15,3.12,few clouds
500,Naze,JP,28.3667,129.4833,20.51,79,99,8.25,overcast clouds
501,Sakakah,SA,29.9697,40.2064,14.76,63,60,4.27,broken clouds
502,Vao,NC,-22.6667,167.4833,24.9,64,56,5.5,broken clouds
503,Kurilsk,RU,45.2333,147.8833,2.34,97,98,7.51,overcast clouds
504,Rio Grande,BR,-32.035,-52.0986,24.06,71,99,5.09,overcast clouds
505,Williamsburg,US,37.2707,-76.7075,13.74,87,75,4.12,broken clouds
506,Dunedin,NZ,-45.8742,170.5036,14.33,80,100,0.89,overcast clouds
507,Saint-Pierre,RE,-21.3393,55.4781,26.82,69,100,9.26,light rain
508,Save,BJ,8.0425,2.486,36.57,10,94,1.65,overcast clouds
509,Kloulklubed,PW,7.0419,134.2556,22.28,76,100,2.56,overcast clouds
510,Scottsbluff,US,41.8666,-103.6672,-5.25,82,0,1.54,clear sky
511,Katherine,AU,-14.4667,132.2667,26.18,83,75,2.06,broken clouds
512,Hajnowka,PL,52.7433,23.5812,4.89,83,100,4.98,overcast clouds
513,Xiamen,CN,24.4798,118.0819,19.03,94,100,1.0,mist
514,Manacapuru,BR,-3.2997,-60.6206,27.14,82,100,1.71,heavy intensity rain
515,Moranbah,AU,-22.0016,148.0466,19.33,97,100,7.35,light rain
516,Bonavista,CA,48.6499,-53.1147,-4.39,66,100,6.29,overcast clouds
517,Ambilobe,MG,-13.2,49.05,25.07,87,100,0.35,moderate rain
518,Jumla,NP,29.2747,82.1838,0.93,88,44,2.37,scattered clouds
519,Katima Mulilo,NA,-17.5,24.2667,28.06,42,73,1.98,broken clouds
520,Brownwood,US,31.7093,-98.9912,4.0,80,0,1.54,clear sky
521,Gwanda,ZW,-20.9333,29.0,24.26,57,74,6.23,broken clouds
522,Matveyevka,RU,52.15,56.1833,-22.41,100,19,2.0,few clouds
523,Forio,IT,40.7342,13.8646,14.34,77,95,2.24,overcast clouds
524,Slave Lake,CA,55.2834,-114.769,-15.01,92,0,2.06,mist
525,Acarau,BR,-2.8856,-40.12,31.28,53,90,7.41,overcast clouds
526,Morro Bay,US,35.3658,-120.8499,14.52,60,100,0.45,overcast clouds
527,Sao Sebastiao,BR,-23.76,-45.4097,30.37,61,79,0.41,broken clouds
528,Port Hardy,CA,50.6996,-127.4199,8.1,100,100,5.14,light rain
529,Victor Harbor,AU,-35.5667,138.6167,24.82,77,5,1.54,clear sky
530,Tahoua,NE,14.8888,5.2692,27.99,8,0,6.17,clear sky
531,Cuiaba,BR,-15.5961,-56.0967,27.96,74,75,5.66,broken clouds
532,Elmira,US,42.0898,-76.8077,1.4,92,100,3.09,snow
533,Sao Domingos Do Maranhao,BR,-5.5758,-44.3853,30.16,59,54,2.06,broken clouds
534,Braganca Paulista,BR,-22.94,-46.5556,24.84,71,82,5.27,broken clouds
535,Rorvik,NO,64.8621,11.2373,1.06,100,40,1.03,scattered clouds
536,Aron,IN,24.3833,77.4167,15.83,40,0,3.19,clear sky
537,Amahai,ID,-3.3333,128.9167,26.65,81,96,1.25,overcast clouds
538,Fremont,US,37.5483,-121.9886,16.33,58,100,6.69,overcast clouds
539,Airai,TL,-8.9266,125.4092,16.53,95,100,0.39,overcast clouds
540,Moron,AR,-34.6534,-58.6198,29.99,27,6,2.88,clear sky
541,Malatya,TR,38.5,38.0,1.03,65,75,2.06,broken clouds
542,Denpasar,ID,-8.65,115.2167,27.81,78,40,4.12,scattered clouds
543,Tazovskiy,RU,67.4667,78.7,-34.08,97,97,5.28,overcast clouds
544,Port Augusta,AU,-32.5,137.7667,30.95,19,2,3.83,clear sky
545,Tessalit,ML,20.1986,1.0114,26.43,9,95,4.58,overcast clouds
546,Arti,RU,56.4234,58.5328,-12.86,81,33,6.1,scattered clouds
547,Mercedes,AR,-34.6515,-59.4307,28.3,16,30,5.37,scattered clouds
548,Vodnyy,RU,63.5046,53.4095,-7.33,92,100,4.65,overcast clouds
549,Pemba,MZ,-12.974,40.5178,30.39,66,75,4.12,light rain
550,Teguise,ES,29.0605,-13.564,19.12,64,40,8.23,scattered clouds
551,Roald,NO,62.5833,6.1333,4.31,80,0,3.6,clear sky
552,Aripuana,BR,-9.1667,-60.6333,23.62,93,100,1.15,overcast clouds
553,Hammerfest,NO,70.6634,23.6821,0.25,100,75,2.57,light snow
554,Ibra,OM,22.6906,58.5334,18.01,31,6,4.38,clear sky
555,Dzilam Gonzalez,MX,21.2833,-88.9333,25.31,64,0,4.08,clear sky
556,Sechelt,CA,49.4664,-123.7694,12.51,95,100,4.74,moderate rain
557,Houma,US,29.5958,-90.7195,8.33,73,100,6.17,overcast clouds
558,Takaka,NZ,-40.85,172.8,16.42,90,6,1.2,clear sky
559,Nurota,UZ,40.5614,65.6886,-16.69,84,4,3.12,clear sky
560,Poum,NC,-20.2333,164.0167,26.11,76,11,6.09,few clouds
561,Dalbandin,PK,28.8947,64.4101,-0.17,30,1,6.62,clear sky
562,Pontal Do Parana,BR,-25.6533,-48.5128,25.97,65,40,6.17,scattered clouds
563,Xudat,AZ,41.631,48.681,1.86,81,17,9.94,few clouds
564,Sayanogorsk,RU,53.0875,91.3997,-12.55,95,100,1.73,light snow
565,Tautira,PF,-17.7333,-149.15,26.45,80,100,10.04,light rain
566,Djambala,CG,-2.5447,14.7533,26.21,62,99,0.45,overcast clouds
567,Faya,SA,18.3851,42.4509,15.06,73,83,3.17,broken clouds
568,Montrose,US,38.4166,-108.2673,-6.42,68,100,1.28,overcast clouds
569,Road Town,VG,18.4167,-64.6167,27.05,78,40,5.14,scattered clouds
570,Araripina,BR,-7.5761,-40.4983,31.84,37,70,2.49,broken clouds
571,Rock Springs,US,41.5875,-109.2029,-8.31,83,0,1.54,clear sky
572,Qaqortoq,GL,60.7167,-46.0333,-15.7,86,20,2.63,few clouds
573,Impfondo,CG,1.6381,18.0667,35.5,22,78,1.23,broken clouds
574,Concarneau,FR,47.875,-3.9225,11.44,81,100,5.39,overcast clouds
575,Asosa,ET,10.0667,34.5333,24.42,30,82,3.06,broken clouds
576,Gairo,IT,39.8497,9.5047,12.87,61,100,2.95,overcast clouds
577,Sungai Padi,TH,6.0851,101.8766,26.88,96,98,0.38,light rain
578,Venado Tuerto,AR,-33.7456,-61.9688,27.09,15,3,5.04,clear sky
579,Synya,RU,65.3718,58.0387,-8.9,93,100,5.23,light snow
580,Muros,ES,42.7762,-9.0603,15.93,86,100,6.09,overcast clouds
581,Whitianga,NZ,-36.8333,175.7,17.2,84,90,2.3,overcast clouds
582,Ajjampur,IN,13.7281,76.0094,21.7,31,99,2.01,overcast clouds
583,Golspie,GB,57.9727,-3.978,6.11,88,46,2.87,scattered clouds
584,Darnah,LY,32.767,22.6367,15.5,69,12,7.64,few clouds
585,Wum,CM,6.3833,10.0667,30.93,16,3,3.24,clear sky
586,Talnakh,RU,69.4865,88.3972,-37.11,90,21,3.23,few clouds
587,Kasulu,TZ,-4.5767,30.1025,20.54,87,100,1.72,light rain
588,Balsas,BR,-7.5325,-46.0356,31.74,51,87,1.69,overcast clouds
589,Cascais,PT,38.6979,-9.4215,17.87,69,20,6.71,few clouds
590,Rovaniemi,FI,66.5,25.7167,-0.33,100,100,7.2,overcast clouds
591,Miyako,JP,39.6367,141.9525,8.97,63,100,1.54,overcast clouds
592,Talara,PE,-4.5772,-81.2719,25.42,57,0,6.69,clear sky
593,Byron Bay,AU,-28.65,153.6167,18.86,83,99,3.47,overcast clouds
594,Koundara,GN,12.4833,-13.3,38.47,9,4,1.07,clear sky
595,Ust-Kuyga,RU,70.0167,135.6,-34.89,99,100,0.95,overcast clouds
596,Hede,CN,33.7681,120.2517,9.07,93,100,5.54,overcast clouds
597,Chapais,CA,49.7834,-74.8492,-12.12,93,100,5.03,overcast clouds
598,Teya,RU,60.3778,92.6267,-20.08,99,100,1.03,overcast clouds
599,Alenquer,BR,-1.9417,-54.7383,29.88,58,80,2.01,broken clouds
600,Nouadhibou,MR,20.931,-17.0347,25.99,31,0,4.63,clear sky
601,Tevaitoa,PF,-16.7833,-151.5,27.15,77,95,11.4,light rain
602,Zelenyy Bor,RU,53.6667,91.6667,-13.99,82,100,3.3,overcast clouds
603,Sampit,ID,-2.5333,112.95,24.39,91,96,1.34,overcast clouds
604,Zavodouspenskoye,RU,56.8626,65.0155,-8.88,80,100,5.71,overcast clouds
605,Lotofaga,WS,-13.9764,-171.8578,24.88,72,16,5.47,few clouds
606,Ahtopol,BG,42.1,27.95,6.54,91,100,6.5,overcast clouds
607,Daru,PG,-9.0763,143.2092,25.44,88,97,2.24,overcast clouds
608,Cocal,BR,-28.6167,-49.35,33.48,42,90,1.88,overcast clouds
609,Cockburn Town,TC,21.4612,-71.1419,25.07,77,39,8.21,scattered clouds
610,Novoagansk,RU,61.9449,76.6625,-20.91,99,100,2.91,light snow
611,Iracoubo,GF,5.4802,-53.2011,26.12,82,88,5.25,overcast clouds
612,Calama,CL,-22.4667,-68.9333,18.27,24,0,1.54,clear sky
613,Cheremshanka,RU,56.1192,60.268,-12.38,71,100,9.47,overcast clouds
614,Kabompo,ZM,-13.5927,24.2008,18.57,90,100,2.21,overcast clouds
615,Buchanan,LR,5.8808,-10.0467,29.58,62,100,5.76,overcast clouds
616,Mackay,AU,-21.15,149.2,23.16,92,100,9.6,light rain
617,Ljungby,SE,56.8332,13.9408,6.23,93,100,6.76,light rain
618,Biak,ID,-0.9131,122.8766,24.98,81,90,0.95,overcast clouds
619,Gudari,IN,19.35,83.7833,19.79,57,1,1.56,clear sky
620,Meiktila,MM,20.8667,95.8667,19.99,28,0,1.03,clear sky
621,Susuman,RU,62.7833,148.1667,-39.54,100,99,1.71,overcast clouds
622,Azuaga,ES,38.2667,-5.6833,13.87,62,26,2.59,scattered clouds
623,Hambantota,LK,6.1241,81.1185,26.19,83,20,2.06,few clouds
624,Jiuquan,CN,39.7432,98.5174,-12.13,42,100,3.7,overcast clouds
625,Fort Myers Beach,US,26.452,-81.9481,22.25,89,100,7.2,heavy intensity rain
626,Morondava,MG,-20.2833,44.2833,29.3,68,25,5.08,scattered clouds
627,Uyemskiy,RU,64.4743,40.8524,-3.97,100,100,3.0,light snow
628,Tondano,ID,1.3038,124.9112,23.05,91,58,1.83,broken clouds
629,Tomigusuku,JP,26.185,127.675,21.87,78,20,7.72,few clouds
630,Bossier City,US,32.516,-93.7321,3.39,76,0,4.63,clear sky
631,Bijar,IR,35.8668,47.6051,-5.78,81,6,0.62,clear sky
632,Merauke,ID,-8.4667,140.3333,26.91,82,100,2.91,light rain
633,Thongwa,MM,16.7619,96.5278,25.09,70,3,2.94,clear sky
634,Praia,CV,14.9215,-23.5087,25.3,57,20,7.72,few clouds
635,Saint-Francois,FR,46.4154,3.9054,10.38,76,0,4.63,clear sky
636,High Level,CA,58.5169,-117.136,-7.94,100,100,1.54,overcast clouds
637,Roebourne,AU,-20.7833,117.1333,31.83,40,7,1.83,light rain
638,Dwarka,IN,22.2394,68.9678,18.68,43,6,5.19,clear sky
639,Quesnel,CA,52.9999,-122.5029,6.28,75,75,3.6,broken clouds
640,Matay,EG,28.419,30.7792,16.77,34,5,3.09,clear sky
641,Atasu,KZ,48.6814,71.6433,-21.77,94,82,3.89,broken clouds
642,Takoradi,GH,4.8845,-1.7554,29.26,64,9,5.36,clear sky
643,Mackenzie,CA,55.2999,-123.1698,0.12,100,100,1.03,snow
644,Kailua,US,21.4022,-157.7394,19.69,78,7,2.81,clear sky
645,Maniitsoq,GL,65.4167,-52.9,-12.72,93,100,8.13,overcast clouds
646,Excelsior Springs,US,39.3392,-94.2261,-4.17,86,100,6.17,overcast clouds
647,Sisimiut,GL,66.9395,-53.6735,-13.69,83,99,6.65,overcast clouds
648,Tarakan,ID,3.3,117.6333,26.72,89,40,0.51,scattered clouds
649,Batemans Bay,AU,-35.7167,150.1833,17.98,96,24,1.56,few clouds
650,Saint-Joseph,RE,-21.3667,55.6167,26.21,79,71,5.14,light rain
651,Peace River,CA,56.2501,-117.286,-7.83,99,75,5.66,broken clouds
652,Geilo,NO,60.5333,8.2076,-3.5,96,99,1.54,overcast clouds
653,Furstenfeld,AT,47.05,16.0833,9.06,79,100,0.35,overcast clouds
654,Suhbaatar,MN,50.2314,106.2078,-33.24,98,13,1.14,few clouds
655,Porto Walter,BR,-8.2686,-72.7439,29.68,54,100,2.78,overcast clouds
656,Uthal,PK,25.8072,66.6219,15.23,6,19,3.44,few clouds
657,Petropavlovka,RU,50.6114,105.3196,-31.7,96,23,1.43,few clouds
658,Tifton,US,31.4505,-83.5085,11.42,86,76,7.46,broken clouds
659,Wattegama,LK,6.7989,81.4808,21.43,86,51,2.27,broken clouds
660,Merritt,CA,50.1123,-120.7942,4.07,85,100,0.89,overcast clouds
661,Zyryanka,RU,65.75,150.85,-34.73,98,100,4.0,light snow
662,Salta,AR,-24.7859,-65.4117,15.88,87,75,2.68,broken clouds
663,Miramar,US,25.9873,-80.2323,25.01,72,0,4.12,clear sky
664,Walvis Bay,NA,-22.9575,14.5053,22.53,68,0,5.66,clear sky
665,Rongcheng,CN,30.634,117.8517,15.34,93,100,1.83,overcast clouds
666,Keningau,MY,5.3378,116.1602,22.1,97,100,1.0,overcast clouds
667,Santa Cruz,BO,-17.8,-63.1667,28.03,69,75,9.77,broken clouds
668,Kasongo-Lunda,CD,-6.4667,16.8167,25.64,67,96,1.51,overcast clouds
669,Talcahuano,CL,-36.7167,-73.1167,16.82,63,0,4.12,clear sky
670,Zonguldak,TR,41.25,31.8333,7.47,93,100,1.09,overcast clouds
671,Maceio,BR,-9.6658,-35.7353,30.69,62,75,5.66,broken clouds
672,Revelstoke,CA,50.9832,-118.2023,0.01,100,100,1.03,overcast clouds
673,Abu Kamal,SY,34.4506,40.9171,11.02,45,100,3.88,overcast clouds
674,Tanout,NE,14.9709,8.8879,25.13,9,73,7.26,broken clouds
675,Nova Londrina,BR,-22.7658,-52.985,29.58,61,79,4.79,broken clouds
676,Iturama,BR,-19.7281,-50.1956,24.13,80,99,4.22,overcast clouds
677,Half Moon Bay,US,37.4636,-122.4286,16.02,70,100,10.8,mist
